,empresa,subEmpresa,pesos
0,4444489S,2385930W,0.599590938996297
1,3332798Y,2385930W,0.40040906100370316
2,4444489S,8945675D,1.0
3,4444489S,8959983B,0.8123439282849627
4,2385930W,8959983B,0.18765607171503718
5,1007791T,1363252L,1.0
6,3332798Y,6560255B,0.40855267642686954
7,1007791T,6560255B,0.34677973411517377
8,2385930W,6560255B,0.24466758945795666
