,empresa,subEmpresa,pesos
0,3332798Y,4444489S,1.0
1,3332798Y,1363252L,0.016838970844271033
2,4444489S,1363252L,0.983161029155729
3,4444489S,6560255B,0.5130710148428272
4,3332798Y,6560255B,0.48692898515717276
