,empresa,subEmpresa,pesos
0,3332798Y,1363252L,1.0
1,3332798Y,4444489S,0.7631981264586853
2,1363252L,4444489S,0.23680187354131468
3,3332798Y,1007791T,1.0
4,3332798Y,3239708C,0.049160978722115965
5,4444489S,3239708C,0.4797877883709026
6,1363252L,3239708C,0.11701025917982437
7,1007791T,3239708C,0.3540409737271569
